query,support,storage,aruba,devices-sub,Services
"1. On the HPE GreenLake platform header,\nclick the workspace menu and then select Manage\nWorkspace.\n2. Click Audit Log.\n3. On the Audit Log page, click the Export\nLog button.\nThe Export Log dialog box displays.\n4. Select the file type that you want to export. Options include\n.CSV or PDF file types.\nNOTE:\nAudit log PDF exports can only support a maximum of six\ntable columns.\n5. Select the Table Entries and Table\nColumns you want to include in the exported file.\n* Select Current Search Result to export only\nthe files from your current search results.\n* Select Entire Audit Log to export the entire\naudit log.\n6. Click Save after you make your selections.\nThe file with your selections downloads to your computer.",1,0,0,0,0
"1. On the **Devices** page, click the **Inventory** tab.\n2. In the Inventory section, click the  Require Service Manager\nAssignments card.\nThe inventory list displays all devices requiring\nassignments.\n3. Use the check boxes to select the devices you want to assign to a\nservice.\n4. From the Actions drop-down, click Assign to\nService Manager.\nIf you have multiple workspaces, the Select a Workspace\npage appears with the list of your existing workspaces.\n5. Select a workspace and click Next.\n6. On the Assign Devices\nto Service Manager Instance page, from the drop-down lists,\nselect a Service Manager instance and a\nRegion (for the service instance) to assign your\ndevices.\nA Devices Assigned dialog\nappears.\n7. Click **View Audit Log** to check the audit logs for assignment activity\ndetails, otherwise, click **Close**.\n8. Click Finish.",1,0,0,0,0
1. Click **Service Subscription** on the vertical tab.\n2. Click **Add Service Subscription**.\n3. Enter the subscription key that you received in your email.\n4. Click **Submit**.\nNOTE: You can view all your subscriptions in the **Service Subscriptions**\nvertical tab.,1,0,0,0,0
"1. On the Devices page, click the **Inventory**\n2. In the Inventory section, click the Total Devices\ncard.\n3. Use the check boxes to select the device you want to archive.\n4. From the Actions drop-down, click\nArchive.\n5. Click Archive Devices to confirm your action.\nAfter you finish archiving your devices, you can view the changes\nin the ",1,0,0,0,0
Archive devices no longer in service. Archiving devices removes them from the\ninventory list,1,0,0,0,0
You must set up services before adding subscriptions. See Adding Services to your\nWorkspace.,1,0,0,0,0
"The Inventory section on the **Devices** page enables you to assign, update, or\neven remove the subscription of a device from a Service Manager instance.",1,0,0,0,0
You must create a support request to get access to HPE GreenLake platform APIs,1,0,0,0,0
"1. While logged in to HPE GreenLake platform, click Help & Support\n2. In the Help section, selectHPE GreenLake.\n3. In the Support section, select Workspace,\nUser, and Onboarding Support.\n4. Fill in the requested details.\n* Enter your name, company name, email, and phone number.\n* Choose your preferred contact method, either email or phone.\n* In Support Issue Details, in What do you\nneed help with?, choose HPE GreenLake\nplatform API onboarding.\n* Provide the workspace name and the email address associated with it. To find\nyour workspace name, click **Manage**, then click **User** to get\nthe workspace user email address.\n5. Click Submit.\nA ticket is created with HPE GreenLake\nsupport. Expect a resolution within 24 hours.",1,0,0,0,0
The Inventory section on the **Devices** page summarizes your device\ninformation and provides a set of actions to manage all your devices and their\nsubscriptions.,1,0,0,0,0
Users with edit permissions through the Authorization\nservice can create resource restriction policies (RRPs).,1,0,0,0,0
"RRPs are named groups of resources that you can create and\ncustomize to manage who can access your resources. You can limit access to resources by\napplying these policies when you make user role assignments.Create Resource Restriction\nPolicy\n**wizard**\nWhen you create an RRP, the Create Resource Restriction\nPolicy wizard guides you through a four-step resource selection\nprocedure. In this procedure, you can name the policy, associate it with an service\nmanager in a region, select the resources and scope instances, review, and save it.\nAfter the RRP is created, you can apply it to user roles to restrict the resources\nusers can access.",1,0,0,0,0
"1. On the HPE GreenLake platform header,\nclick the workspace menu and then select Manage\nWorkspace.\n2. On the Manage\nWorkspace page, click the Identity &\nAccess card.\n3. On the  Identity &\nAccess page, click the Resource Restriction Policy\nCard.\nThe Resource Restriction\nPolicies page appears.\n4. Click Create Resource Restriction Policy.\nThe Create Resource Restriction Policy wizard\nscreen appears where you can enter details for the new policy.\n5. In the (Step 1) Add\nName & Description screen, enter a\nName and a Description for the\nRRP and click Next.\n6. In the (Step 2) Choose\na Service Manager screen, select the service manager for which\nyou want to limit access and click Next.\nThe Add Resources screen appears.\n7. In the (Step 3) Add\nResources screen, click the Add Resources\nbutton.\nThe Add\n<Service Manager> Resources screen appears.\n8. Select the service that your policy can access. The resource options vary by\nservice.\n1. Click to select an service region from the list. The number of\navailable services for the region are displayed on the screen.\n2. Click a scope resource name in the left pane to view its constituent\nscope instances listed in the right pane.\nNOTE: There can be more than one level of resource\ngroupings. In such cases, click the scope resource name to show the\nnext sub-resource group.\n3. Next, select the check boxes for the scope instances that you want to\ninclude in the policy. You can select a predefined group filter from the\ntop right section of the Add <service\nmanager name> Resources screen, or individual scope\ninstances from the All Resources section below\nNOTE:\n* Group filters include multiple scope instances.\nSelecting a group filter disables the check boxes in the\nAll Resources section. If you prefer to\nselect individual scope instances from the All\nResources section, you must first clear the\ngroup filter check box.\n* The All\nResources (scopes) section shows up to 200\nscope instances. If your workspace has additional scope\ninstances that are not shown on the page, you can use the\nsearch field to find them.\nAs you add them, the number of scopes added to the\npolicy are incremented and displayed on the bottom of the\nscreen.\n4. When you have finished selecting scopes, click\nThe Selected\nResources section on the Add\nResources screen lists the resources selected for this\nnew policy: scope resources are displayed in bold font with their member\nscope instances listed below them.\n5. At this point, you can click the Add Resources\nbutton to repeat these steps and add more resources to the policy.\n6. When you have completed adding resources, click\nNext.\nThe Review &\nCreate screen appears.\n9. In the (Step 4) Review\n& Create screen, verify the settings for your RRP. Use the\nModify links to change the policy name, description,\nservice manager, or resources.\n10. Click Finish to create the RRP.\nThe Resource Restriction Policies page displays the newly created\npolicy.",1,0,0,0,0
"If you have multiple workspaces, you can easily switch between those workspaces\nand manage them independently.",1,0,0,0,0
"HPE GreenLake platform supports sorting\ncapabilities on **Workspace**, **Created** and **Last Visited** columns for customer\nworkspaces. MSP administrators can alphabetically sort the workspaces column, and the Created\nand Last Visited columns in ascending or descending order. Click the column heading to change\nthe sorting arrow direction",1,0,0,0,0
"The information contained herein is subject to change without notice. The only warranties for Hewlett Packard Enterprise products and services are set forth in the express warranty statements accompanying such products and services. Nothing herein should be construed as constituting an additional warranty. Hewlett Packard Enterprise shall not be liable for technical or editorial errors or omissions contained herein.\nConfidential computer software. Valid license from Hewlett Packard Enterprise required for possession, use, or copying. Consistent with FAR 12.211 and 12.212, Commercial Computer Software, Computer Software Documentation, and Technical Data for Commercial Items are licensed to the U.S. Government under vendor's standard commercial license.\nLinks to third-party websites take you outside the Hewlett Packard Enterprise website. Hewlett Packard Enterprise has no control over and is not responsible for information outside the Hewlett Packard Enterprise website.",1,0,0,0,0
"In December 2023, we redesigned HPE GreenLake platform to be more user friendly, easy to navigate and showcase the\nexpanded services available from HPE GreenLake platform",1,0,0,0,0
"The new HPE GreenLake platform\nprovides a quick visual and access to HPE GreenLake platform features and services from a single location. The new layout allows easy\naccess to the services you utilize the most, along with links to resources for various HPE GreenLake platform functionality.\nHere are the main changes:",1,0,0,0,0
"Home page layout\n|  | **Home page sections** | **Descriptions** | **Actions** |\n| --- | --- | --- | --- |\n| 1 | **HPE GreenLake platform header** | The main navigation menu bar contain links to  three areas: Home, Services and Devices | Gives you the visibility and control to centrally manage your  services. |\n| 2 | **Getting Started** | Getting started section contains cards to quickly discover and  access services from the service catalog and manage your workspace. | **Find services** Navigates to Service catalog page **Manage Workspace** - Navigates to the manage page where you  setup, invite and manage users and their workspace. |\n| 3 | **Quick Links** | Quick Links available:* Manage Workspace * Device Inventory * Service Subscriptions * User Management * Locations * Switch Workspace * Feedback | **Manage Workspace** navigates to the Manage  Workspace page.**Devices** **Inventory** navigates to  the Devices page.**Service Subscriptions** navigates to  the Services > Subscriptions page.**User Management**  navigates to the Users list page.**Locations** navigates to the Create  Location page.**Switch Workspace** navigates to the My  Workspaces page.**Feedback** navigates to General Feedback page.. |\n| 4 | **Recent Services** | New users see the following message: \u201cYou  haven\u2019t launched any services yet. View the services catalog to get  started\u201d  If you previously provisioned or  launched services, those services are shown under Recent Services. | Provides an edge-to-edge cloud platform that comes to users  wherever your apps or data live. |\n| 5 | **Learn section** | Learn section has the following cards:* HPE GreenLake Developer  Portal * What\u2019s new on HPE  GreenLake | HPE GreenLake Developer Portal  - Brings you to the GreenLake Developer Portal. What\u2019s new on HPE GreenLake -  Opens our What\u2019s New page, where we tell you about the latest features. |\n| 6 | **Featured Services** | Below is a list of menu options available under Featured  Services:* Recommended * Private Cloud * Compute * Storage * Networking * Workloads * Management and Governance | Each tab has a number, indicating the number of services listed on  each tab.   After services are moved to the recent services section they are  removed from the list of featured services. |",1,0,0,0,0
Listed below are the major user interface and name changes:\n* \u201c**Application**\u201d is renamed to \u201c**Service**\u201d or \u201c**Service**\n**Manager**\u201d\n* The **Dashboard** is now the **Home** page.\n* **Device**\n**Subscriptions** and **Tags** are now on the **Devices** page.\n* You now manage your **Service Subscriptions** on the **Services**\npage.\n* **HPE GreenLake Central** is renamed to **HPE GreenLake Flex\nSolutions**\n* The **What\u2019s**\n**New** card replaces the **Release**\n**Notes** card on the home page. The release notes are still accessible from the\n**What's New** page.,1,0,0,0,0
"You install the Google Authenticator app on your mobile device for multifactor\nauthentication. During the registration process, HPE GreenLake platform shares a secret key with the user's mobile device\nover a secure channel when the user logs in to HPE GreenLake platform. The key is stored in the Google Authenticator app\nand used for future logins. When you register your mobile device successfully, the\nGoogle Authenticator app generates a six-digit token for the second-level\nauthentication.\n1. Once multifactor authentication (MFA) is enabled for your company workspace,\nlog in to HPE GreenLake platform\nwith your credentials.\n2. On the **Setup Multi-factor Authentication** page, select Google\nAuthenticator, then click **Setup**.\n3. Follow the vendors' instructions for downloading and configuring the Google\nAuthenticator app. NOTE: After your authentication factors\nare configured, you have the option of selecting another authentication\nfactor.\n4. Follow the instructions on the **Set up multifactor\nauthentication** page to complete the setup.When you next\nlog in, you will have to enter a code that is generated by the Google\nAuthenticator app on your phone to confirm your identity.",1,0,0,0,0
"You can configure MFA for users who log in to a workspace with their credentials.\nOnce you enable MFA for the workspace, all workspace users are prompted to set up\nMFA authentication when they next log in to HPE GreenLake platform.",1,0,0,0,0
"1. On the HPE GreenLake platform header,\nclick the workspace menu and then select **Manage Workspace**.\n2. Click the Workspace Details card on the Manage Workspace\npage.\n3. Click the **Security** tab.\n4. On the Multi-Factor Auth page, click Edit\nDetails.\n5. Slide the Enabled with Google Authenticator toggle\nbutton to the right.\n6. Click Save Changes.\nMFA is enabled for all the users associated with the\nworkspace.",1,0,0,0,0
"# Enabling MFA for user workspaces\n\n## About this task\n\nYou can configure MFA for users who log in to a workspace with their credentials.\nOnce you enable MFA for the workspace, all workspace users are prompted to set up\nMFA authentication when they next log in to HPE GreenLake platform.\n\n## Procedure\n\n1. On the HPE GreenLake platform header,\nclick the workspace menu and then select **Manage Workspace**.\n2. Click the Workspace Details card on the Manage Workspace\npage.\n3. Click the **Security** tab.\n4. On the Multi-Factor Auth page, click Edit\nDetails.\n5. Slide the Enabled with Google Authenticator toggle\nbutton to the right.\n6. Click Save Changes.\nMFA is enabled for all the users associated with the\nworkspace.",1,0,0,0,0
"Click the **Auto-Subscribe** tab on the **Devices** page to configure\nautomatic subscription for supported devices including switches, gateways, and access\npoints",1,0,0,0,0
"The HPE Sustainability\nInsight Center displays charts\nshowing carbon emissions, energy consumption, and energy cost aggregated across the\nIT estate, and a data table that breaks down the data at the individual device\nlevel.\nUse the information to understand your IT carbon\nfootprint, manage your IT operating costs, and stay ahead of regulations. Specify\ntime ranges before you run reports to identify trends in your total consumption;\nthen take actions to reduce consumption across your IT estate and use the HPE Sustainability\nInsight Center to monitor their\neffectiveness.\nNOTE: Electrical grid emissions factors and\ncost-per-kWh values are calculated based on location. Devices without an assigned or\ndesignated location receive a default value.",1,0,0,0,0
The Carbon Emissions chart displays the carbon emissions\nproduced by your IT estate over specified periods.\n* View an up-to-date snapshot of the emissions associated with the total energy\nconsumption of all devices in your IT estate (devices managed by Compute Ops\nManagement and Compute Ops Management - OneView\nEdition).\n* View the emissions associated with the total energy consumption of all devices\nin your IT estate (over time) to understand current emissions in terms of\nhistorical data and identify trends in emissions.\n* Change the period over which you view the emissions associated with the total\nenergy consumption over time and focus on a period of greatest interest to,1,0,0,0,0
"The Energy Consumption chart displays the energy consumed\nby your IT estate over specified periods.\n* View the most recent aggregation, over a specified period, of the total energy\nconsumption of all devices in your IT estate.\n* View the energy consumption of all devices in your IT estate as a function of\ntime to understand current energy consumption in terms of historical data and\nidentify trends in total IT energy consumption.\n* Change the period over which you view the energy consumption as a function of\ntime and focus on a period of greatest interest to you",1,0,0,0,0
The Energy Cost chart displays the energy costs incurred\nby your IT estate over specified periods.\n* View an up-to-date snapshot of the cost associated with the total energy\nconsumption of all devices in your IT estate.\n* View the cost associated with the total energy consumption of all devices in\nyour IT estate over time to understand the current cost in terms of historical\ndata and identify trends in cost.\n* Change the period over which you view the cost associated with the total energy\nconsumption over time and focus on a period of greatest interest to you.,1,0,0,0,0
"The Export function allows you to download reports from the\nHPE Sustainability\nInsight Center. Use the export\nfunction to save the historical energy consumption, emissions, and cost data for\nyour entire IT estate over a defined period as a comma separated values (.CSV) file\nthat can be shared with associates or referenced offline.",1,0,0,0,0
"You can enable IP address based access control for your HPE GreenLake platform workspaces.\nFrom the IP Access\nRules page, limit user access to your workspace based only on the IP addresses\nspecified here. Limit workspace access by specifying single IP addresses, IP subnet masks, or\nIP address ranges.\nNOTE: This feature requires the use of public IP addresses instead of the\nprivate IP addresses provided by your DHCP server.\nOnce enabled, only IP addresses specified in the access rules can access the\nworkspace. When users with IP addresses that are not included in the access rules try to\naccess the workspace, they see:* An Access\nRestricted notification.\n* A message on the workspace login link indicating that the IP address block\nis in effect and a Contact Support link for assistance.",1,0,0,0,0
"Use the Security tab on the **Workspace Details** page\nto configure multifactor authentication (MFA) for your company workspace users. Once you\nenable MFA, the next time users log in to the workspace they are required to set up one of the\nsupported MFA methods before gaining access. MFA adds an extra layer of security to your\nworkspace resources by adding a second step of verification when users sign in.\nHPE GreenLake platform supports the\nfollowing MFA solutions for computers and mobile phones. It is recommended that you enable and\nconfigure two different methods of MFA to avoid potential lockouts.\n* Okta Verification\n* Security Key or Biometric Authenticator\n* Google Authenticator",1,0,0,0,0
You must add a device subscription key to your workspace independently of adding a\nspecific device,1,0,0,0,0
"1. On the **Devices** page, click the **Device Subscriptions** tab.\n2. Click Add Device Subscriptions.\n3. In the Add Device\nSubscription dialog box, enter the Subscription\nKey that was sent with your device.\n4. Click Submit. You can continue adding license keys as\nneeded.\nThe subscriptions are now available to assign to devices in your\nworkspace.",1,0,0,0,0
"Use the Devices page to view all your devices in one place, search for a\ndevice, or see the subscription status of your devices. You can also view detailed\ninformation about a device. The Details page also\nshows the configuration of any storage devices that are composed of multiple modules\nin one or more chassis (for example, for block storage devices)",1,0,0,0,0
"1. On the Devices page, click\nInventory.\nThe Devices page opens\ndisplaying the Inventory table.\n* The Inventory table lists the total\nnumber of devices including access points, switches, and controllers in\nthe inventory.\n* The filter cards at the top of the list display the total number of devices,\nassigned and subscribed devices, devices requiring service assignments,\nand devices requiring subscription in the inventory.\n2. (Optional) Select a row in the Inventory table to open\nthe Details page and view detailed information about the\ndevice.\nIf the device is a block storage device with multiple modules you can view the\nconfiguration in the Chassis section, and you can\nexpand each chassis to view the module information.\n3. (Optional) Filter the list of devices.\n* Use the cards, filter, or search field to filter the list of devices.\n* If you are an MSP user, use the All Workspace(s)\ndrop-down list to filter by workspace.\nThe following table describes the columns in the Device\nList table.\n| Column | Description |\n| --- | --- |\n| Serial Number | The device serial number |\n| Model | Hardware model of the device |\n| MAC address | MAC address of the device |\n| Service Manger | Service assigned to the device |\n| Service Region | Region where the service instance is deployed (where the largest number  of devices are assigned) |\n| Subscription Tier | Subscription tier assigned to the  device |\n| Tags | Tags assigned to the device |",1,0,0,0,0
Users with edit permissions through the authorization service can\nedit existing resource restriction policies (RRPs),1,0,0,0,0
"Resource restriction policies (RRPs) are resource groupings that\nyou can use to customize and limit permissions when you make user role assignments. When\nyou edit an RRP, you can update the policy name, description, service, and scopes\nassociated with it.",1,0,0,0,0
"1. On the HPE GreenLake platform header,\nclick the workspace menu and then select Manage\nWorkspace.\n2. On the Manage\nWorkspace page, click the Identity &\nAccess card.\n3. On the  Identity &\nAccess page, click the Resource Restriction Policy\nCard.\nThe Resource Restriction Policies page appears.\n4. Click on a resource restriction policy in the list.\nThe RRP details screen appears.\nEdit Details5. In the Details section, click Edit to update the\nRRP name and description.\nThe name and description fields become editable and you can\nmake your changes in the text fields.\n6. Click Save Changes to update the information.\nEdit Resources7. In the Resources section, click\nEdit.\nThe Add Resources and Save\nChanges buttons appear. Delete icons appear next to each listed\nresource.\n8. Click the delete icon next to a resource to remove it from the policy.\n9. Click Add Resources to begin selecting new resources for\nthis policy.\nThe Add\n<service manager name> Resources screen\nappears.\n10. Click to select an service manager region from the list. The number of\navailable services for the region are displayed on the screen.\n11. Click a scope resource name in the left pane to view its constituent scope\nresources listed in the right pane.\nNOTE: There can be more than one level of resource\ngroupings. In such cases, click the resource name to show the next\nsub-resource group.\n12. Next, select the check boxes for the scopes that you want to include in the\npolicy. You can select a predefined group filter from the top right section of\nthe Add <service\nmanager name> Resources screen, or select individual scopes\nfrom the All Resources section.\nNOTE:\n* Group filters include multiple scopes. If you prefer to\nselect individual scope resources from the All\nResources section, you must clear the group filter\ncheck box.\n* The scopes section shows up to 200 scopes. If your\nworkspace has additional scopes that are not shown on the page, use\nthe search field to find scopes defined in your workspace.\nAs you add them, the number of resources added to the policy\nare incremented and displayed on the screen.\n13. When you have finished selecting scopes, click Add.\nThe Add\nResources screen closes and you can see the updated resources\nlisted in the Resources section of the policy details page.\n14. Click Save Changes to save the updated policy.",1,0,0,0,0
"1. On the HPE GreenLake platform header,\nclick the workspace menu and then select Manage\nWorkspace.\n2. On the Manage\nWorkspace page, click the Identity &\nAccess card.\n3. On the  Identity &\nAccess page, click the Invite Users\nCard.\nThe Users page appears.\n4. Click a name to select a user from the list.\nThe user details screen appears.\n5. Click the ellipsis (...) next to the service resource\nyou want to modify.\nA pop-up window displays the available actions (options\nvary depending on the selected service and role).\n6. Select the Edit Resource Access link.\nThe Edit\nResource Access dialog appears and the number of assigned RRPs\nare listed in the Resource Restriction Policy\nfield.\n7. Click the down arrow to access and select the policies from the drop-down list.\nUse the check boxes to select new policies or clear existing assignments.\nNOTE: You can select multiple RRPs for the user\nrole.\n8. Click Save Changes.\nThe dialog closes and a confirmation notification for the policy updates\nappears. Click X to dismiss the notification.\n9. To verify the change, select the Limited Access link In\nthe user details screen.\nThe Limited Access pop-up window lists the policies\napplied to the role assignment.",1,0,0,0,0
Use the Workspace\nDetails page to view and manage general information and multifactor\nauthentication for your company workspace.,1,0,0,0,0
Ensure that you have the Workspace Administrator privileges on the HPE GreenLake platform.,1,0,0,0,0
Set up this integration to view the power metrics data for devices managed through\nCompute Ops Management - OneView\nEdition on the HPE Sustainability\nInsight Center.,1,0,0,0,0
"To manage servers only through Compute Ops Management - OneView\nEdition, follow the steps in [Configuring Compute Ops Management - OneView\nEdition](https://support.hpe.com/hpesc/public/docDisplay?docId=sd00001293en_us&page=GUID-CA2BF1A7-7F1F-4A4C-B5E8-C02352638588.html).\nNOTE: To manage servers directly with HPE GreenLake for Compute\nOps Management, or with both direct management and Compute Ops Management - OneView\nEdition, follow [Configuring Compute Ops Management direct management\nand optional HPE OneView edition](https://support.hpe.com/hpesc/public/docDisplay?docId=sd00001293en_us&page=GUID-8F12FE6C-DC13-44DC-921B-041E8DC628DB.html)",1,0,0,0,0
You must have an HPE account and be a member of\na workspace on HPE GreenLake platform,1,0,0,0,0
"Request an evaluation subscription for either the Compute Ops Management or the\nBackup & Recovery service on HPE GreenLake platform to try out the service and assess if it is appropriate for your\nbusiness needs before buying.\nNOTE: Within a workspace, you can have only one active evaluation\nsubscription for a specific service at a time. However, you can have evaluation\nsubscriptions for more than one service concurrently. For example, you might have\nevaluation subscriptions for both Backup & Recovery and Compute Ops Management\nservices.",1,0,0,0,0
"1. Log in to HPE GreenLake platform.\n2. On the **Services** page, click the **Catalog** tab.\n3. On the **Services Catalog** page, search for the service you want to\nevaluate. To restrict your search to services that offer evaluation\nsubscriptions:\n1. Click the Filter icon.\n2. Click **Evaluation Available** in the\nEvaluations section of the **Filters** panel.\n3. Click **Apply Filters**.\n4. In the search results, select the card for the relevant service.\nThe page for the selected service is displayed.\n5. Click **Request Evaluation**.\n6. Enter the following details on the **Request Evaluation** panel:\n* **Business email**\u2014 Enter your business email address. You cannot use a\nweb-based email address such as GMail or Yahoo Mail to request an\nevaluation subscription. If you do not have a business\nemail address, contact your HPE\nrepresentative in sales or product support.\n* **Company**\u2014Enter the company name.\n* **Address**\u2014Enter the full address of the company.\n* **Phone Number**\u2014Enter a contact phone number.\n* **Server Family**\u2014Select the server family (Compute Ops Management\nonly).\n* **Deployment**\u2014Select the region where you want to deploy the service. You\ncan deploy the service to additional regions later.\n7. Click **Terms of Service** to review the terms that apply to the evaluation\nlicense, then click the checkbox to accept the terms.\nYou must accept the terms of service to proceed with the evaluation\nrequest.\n8. Click **Request Evaluation**.\n9. Check the Notifications Center for status updates on your evaluation request.\nIt can take up to 24 hours for the request to be reviewed and approved.\nAfter the evaluation request is successfully submitted it is assigned a status\nof **Pending**. The status changes to **Accepted** once the request is\napproved. You then receive a notification with a link to the service URL and\nthe next steps to get started. The evaluation license key details are also\nemailed to you.\nNOTE: If the request for an evaluation license is not\naccepted, click the link **Submit a support request** included in the\nrefusal notification to find out why the request was declined.\n10. Once you complete the steps outlined in the notification, you can start to use\nthe service.\nEach time you navigate to the service page to launch the service,\na message is displayed showing your evaluation subscription expiry date and the\nnumber of days before the subscription expires.",1,0,0,0,0
"A tag is a form of metadata applied to any resource and primarily used to\ncategorize resources based on purpose, owner, environment, or other criteria. A tag is a\nkey-value pair attached to a HPE GreenLake platform\nand services resource.",1,0,0,0,0
"HPE GreenLake platform supports the\nfollowing specification for all services across the platform.\nNOTE: Users should not store any Personal Identifiable Information\n(PII) in the tags.\n* Resources that support tagging can support up to 25 tags per resource.\n* Tag keys and values are case-insensitive.\n* There can be only one value for a particular tag key for a given\nresource.\n* Null is not allowed as a possible value for a tag key. Instead, an empty\nstring (\""\"") is supported so you can use tag key-value pairs for a label use case.\n* System-defined tags are allowed and start with the prefix **hpe**.\nUser-defined tags cannot start with this prefix.\n* A tag key must have 1-128 characters.\n* A tag value can have a maximum of 256 characters.\n* Allowed characters are letters, numbers, spaces representable in UTF-8, and\nthe following characters: \\_ . : = + - @.",1,0,0,0,0
"Identify the SAML SSO metadata from the IdP that you need to add to HPE GreenLake platform. If you want to add this\ninformation from a metadata file or metadata URL, have the XML file or URL\navailable",1,0,0,0,0
"On the HPE GreenLake platform header,\nclick the workspace menu and then select Manage\nWorkspace.\n2. On the **Manage Workspace** page, select the **Authentication**\ncard.\n3. Click **Set Up SAML Connection**.\n4. Enter a domain to add an authorization profile and click **Continue**.\n* Ensure that the domain has at least one verified user. The user claiming the\ndomain must be the same user who created the account and must be logged\ninto HPE GreenLake platform.\nFor example, to claim an acme.com domain, the user must be logged in to\nHPE GreenLake platform with\nan @acme.com email address.\n* HPE GreenLake platform does not\nsupport adding other free public domain names such as Gmail.com,\nYahoo.com, or Facebook.com, for SAML authorization profiles.\n5. Follow the directions on the **Add SAML Connection** wizard to complete the\nSSO setup. See the step descriptions table for help on each step of the wizard.\n6. Click **Next** after each step.\n7. Click **Finish** to set up your SSO domain.\nWhen your SSO domain is set up, click **Download Metadata File** if you\nwant to download the metadata, then click **Exit**.\n8. Click **Send Email** to send an email to users to notify them that SSO is\nenabled for their account, or you can select the **Skip For Now** link to\nsend an email later.\n| Step | Description |\n| --- | --- |\n| Step 1 of 4 **Add  Identity Provider Details** | |\n| Select a Configuration Method | Select one of the following options to add  identity provider details:  * **Metadata File**. The metadata file  must be in XML format and must include a valid  certificate and HTTPS URLs for the entity ID, login  URL, and logout URL fields. 1. Select  **Metadata File**, then click **Upload  Metadata File** to upload the file. HPE GreenLake platform extracts the entity  ID, domain login URL, domain logout URL, and  certificate content. 2. Verify the details, then click  **Save**. * **Metadata URL**. The HTTPS URLs for  the entity ID, login URL, and logout URL fields must  be valid. 1. Select **Metadata  URL** then enter the URL to the page where the  identity provider details are available. 2. Click **Validate URL**.  Details are automatically filled in  for valid configurations. 3. Click  **Save**. * **Manual (Enter X.509 Certificate  Details)** 1. Select **Manual (Enter X.509  Certificate Details)** then enter values in the  **Entity ID**, **Domain Login URL**,  **Domain Logout URL**, and **X.509 Signing  Certificate** fields. 2. Click  **Save**. |\n| Step 2 of 4  **Configure Settings** | |\n| Map SAML Attributes | Map the SAML attributes you configured on  the IdP to HPE GreenLake platform attributes.  * **Required Attributes** **Email address**. Select  either **NameId** or **Custom** from the  drop-down list depending on how this attribute is  configured on the IdP server. If you use a custom  attribute, make sure it contains the user's email  address. The **NameID** attribute must include  the email address of the user. For example,  `<NameID>admin@test.com</NameID>`.HPE GreenLake  Attribute: This is a mandatory  attribute. The default value is  **hpe\\_ccs\\_attribute**. You can also substitute  your own custom value. For more information, see  . * **Optional Attributes**  **First Name**, **Last  Name** If you do not configure **First Name** and **Last Name** as  optional attributes, the user's name displays as  `Unknown First Name` and  `Unknown Last Name` in the user's HPE  user account profile. |\n| Manage Idle Session Timeout | Specify a value for **Idle Session  Timeout**. |\n| Step 3 of 4  **Create a Recovery User** | |\n| Recovery User | A recovery user is a fallback user account  you can use to log in and recover the account if there  is an error in the SSO configuration and users are  locked out. If the recovery user details are lost, the  recovery user is specified in the format:  `sso_re_<GLCP account ID  >@yourdomain.com` **Enable Recovery User**. Enable the recovery user option if it is not  already enabled by sliding the **Recovery User**  toggle to the right, then enter values in the following  fields. WARNING: If you disable the recovery user feature,  you can no longer recover your account credentials if an  SSO failure occurs. * **Recovery User Email**. Copy the value in the recovery user email  field. This email is auto generated and you cannot  change it. * **Recovery User Password**. Enter  a password for the recovery user. * **Point of Contact Email**. Enter  a point of contact email in case you forget your  password. This email is used for password recovery  in case the recovery user's password is forgotten  or has expired.  It is recommended that you configure  an email alias to protect against lockout if the  single user with the email is not active in the  company.Copy and store the recovery user details in a  safe place. |\n| Step 4 of 4 **Review &  Create** | Check the information displayed and verify  that all your configuration details are correct. Click  **Modify** to edit your configuration details for a  step. |",1,0,0,0,0
"At any point during or after the service evaluation period, you can request a quote\nfor a paid service subscription. If you convert to a paid subscription during the\nevaluation period, any data you created or configurations you made using the service\nduring the evaluation period are carried forward to the paid service\nsubscription.",1,0,0,0,0
"1. On the **Services** page, click the **Catalog** tab.\n2. In the Services Catalog section, search for the name of the relevant service,\neither **Compute Ops Management** or **Backup & Recovery**.\n3. Click the service card.\n4. On the service page, click **Get Quote**.\nA product shop page for the service is displayed.\n5. In the More Information section, locate the product offering you are interested\nin, then click **Request Quote.**\n6. On the **Your Carts** page, click **Request Quote.**\n7. On the **Get Quote** page, fill in the information requested then click\n**Get Quote**.\nAn HPE sales support\nrepresentative will email you shortly to provide details about the pricing\noptions available.\nIf you decide to pay for a subscription to the service, configuration data\nyou created during the evaluation period is available with the paid service.\nIf you decide not to subscribe to the service, you no longer have access to\nthe configuration data.",1,0,0,0,0
"When you delete the client ID and secret, you invalidate all tokens associated with\nthe ID and secret",1,0,0,0,0
"1. Click the ellipsis next to the Generate Access Token button to\ndelete your client credentials.\n2. Select the Delete Credentials link.\nNOTE:\nIf a user is deleted from HPE GreenLake platform , any tokens or client IDs generated and associated\nwith any services owned by this user will no longer be valid.",1,0,0,0,0
"Review and manage the tags in your workspace from the **Tags** tab of the\n**Devices** page. The Tags section shows all the tags you have assigned to\nresources in your workspace, and all the resources that have been assigned a\nspecific tag.",1,0,0,0,0
"1. On the **Devices** page, select the **Tags** tab.\nAll the tags in your workspace are listed by default. To\nrefine the list of tags, use the search field to search for a tag by name or\nvalue. You can also sort the tags list using the **Name** or **Value**\ncolumns.\n2. To view all the resources that are assigned a specific tag, click the ellipsis\n**(\u2026)** next to a tag and select **View Resources**.\nAll devices that are assigned the tag are listed in the Inventory section of\nthe **Devices** page.\n3. Select one or more devices from the list to manage tags for the devices, then\nfrom the **Actions** drop-down, select **Manage Tags**.\nThe **Manage Tags on Resources** dialog is displayed. If you\nselected one device in the previous step, all tags assigned to the device are\nlisted. If you selected more than one device, only tags that are assigned to all\nthe selected devices are shown.\n4. Edit the tag assignments as required.\n* To add a new or existing tag to the device or devices, select or create a name\nand value pair in the **Name** and **Value** fields, then\nclick **Assign**.\n* To delete an existing tag from the device or devices, click the **X** icon\nfor the tag.\nNOTE: Changes you make to tags on the **Manage Tags on\nResources** dialog apply to all the devices you selected.\n5. Click **Save Changes**.\nThe **Tags** column of each device listed in the Inventory section of\nthe **Devices** page is updated to reflect your changes.",1,0,0,0,0
Administrators can easily create and manage new customer workspaces.,1,0,0,0,0
"1. Log in to your workspace as an administrator.\n2. On the Customers page, click the **Add Customer**\nbutton.\nThe Create Custom Workspace wizard appears.\n3. Enter the required information in the fields provided.\n1. Company Name, Description, and Company Address.\n2. Maximum character entries: Company Name and Description fields have a\n125 maximum character limit.\nNOTE: Exceeding the maximum allowed characters will result in an error\nmessage, and you will only be able to create the workspace once the\nerror is corrected.\n4. Click Create Workspace to create the workspace.",1,0,0,0,0
You must onboard your devices to HPE GreenLake platform and assign locations to them for the automation of\nSDI services.,1,0,0,0,0
"1. On the **Devices** page, click **Add Devices**.\n2. Follow the directions on the **Add Devices** wizard to complete the device\nsetup. See the field descriptions table for help on each step of the\nwizard.\n3. Click **Finish** to add the device.\n| Field | Description |\n| --- | --- |\n| Step 1 of 5  **Select Device Type** | |\n| Device Type | Select the type of device from the list.  Choose from the following options: * Networking Device * Storage Device * Compute Device. Click  **Prerequisites for adding Compute devices** to  see if you meet the requirements.The next step for each selection is different and is  listed in the table. |\n| Step 2 of 5  Networking Devices **Serial Number and MAC  Address** | |\n| Ownership type | Select from the following options:  * **.CSV file**. Upload the .CSV  file for the device.  NOTE: The CSV has two  additional fields, for location name and service  delivery contact. You can specify this information  against each device in this file. * **Serial Number & MAC  Address**. Enter the Serial Number from the  order confirmation email and the MAC address of  the device. Click **Enter**. |\n| Step 2 of 5 Storage  Devices **Enter Serial Number & Subscription  Key** | |\n| Ownership Type | Select from the following options: * **Infrastructure as a Service.**  Enter the serial number that you received in the  order confirmation email. * **Purchase or Lease.** Enter the  serial number and the Subscription key that you  received in the confirmation email. |\n| Step 2 of 2 Compute  Devices **Serial Number and Product ID** | |\n| Ownership Type | Select from the following options:  * **.CSV file.**  Upload the .CSV file for the device.  Click  **Download a Sample File** to download a sample  .CSV file. NOTE: The CSV has  two additional fields, for location name and  service delivery contact. You can specify this  information against each device in this  file. * **Serial Number and Product ID.**  Enter the serial number and product ID from the  order confirmation email.NOTE: This is the final step for  compute devices. |\n| Step 3 of 5  **Assign Tags (Optional)** | |\n| Name | Select the name of an existing tag or enter  the name of a new tag. |\n| Value | Enter a value for the tag, then click  **Assign** to assign the tag to the device. |\n| Step 4 of 5  **Location and Service Delivery Contact  (Optional)** | |\n| Service Delivery Contact | Assign a user from the workspace as the  service delivery contact for that device. If not specified,  the primary contact of the location that the device is  assigned to is assigned as the default service delivery  contact for that device.NOTE: You can  assign the location of a new device that you are  on-boarding to the location of the existing devices in  the same workspace. See  for the steps to add new  locations. |\n| Location | Select an existing location from the list. |\n| Step 5 of 5  **Review Add Devices** | |\n|  | Review the devices to be added and any tags  to be assigned, then click **Finish**. |",1,0,0,0,0
You must assign a subscription to a device before you can activate\nand use the device,1,0,0,0,0
"Each device expires individually. If you have multiple devices and the expiration\ndate varies, the devices are unsubscribed from HPE GreenLake platform according to the device expiration dates. Users\nreceive an expiry notification at the subscription expiration date.",1,0,0,0,0
"1. On the Devices page, click the **Inventory** tab.\n2. In the Inventory section, click the Require\nSubscriptions card to display all devices requiring\nsubscriptions.\n3. Select the device or devices to which you want to apply a license key.\n4. From the Actions drop-down, click Apply\nSubscription.\n5. On the Apply Subscriptions to Device page, click\nApply Subscriptions to apply subscriptions keys to\nthe selected devices.\n6. On the Apply\nSubscriptions to Devices dialog, select a Subscription\nTier and Subscription Key to assign to\nthe devices listed.\nNOTE: See  for a table mapping\nthe device type to the corresponding subscription tiers for network\ndevices.\n7. Click Apply Subscriptions.\n8. Click Finish.\nThe Subscriptions Applied confirmation dialog appears. The transaction is\nrecorded in the audit log and you have the option to view the audit logs\nfrom the confirmation dialog.\n9. Click Close to exit the confirmation dialog.\nThe Devices page opens and you can view the updated device details\nin the Inventory list.",1,0,0,0,0
HPE GreenLake for Backup and Recovery is a data protection service that is part of Data Services Cloud Console on the HPE GreenLake platform. The service enables you to back up and restore: \nVMware virtual machines and datastores,0,1,0,0,0
"AWS EBS volumes, EC2 instances, RDS instances",0,1,0,0,0
Cloud native Kubernetes applications that are running in your EKS clusters,0,1,0,0,0
Microsoft SQL Server databases and instances,0,1,0,0,0
HPE array volumes,0,1,0,0,0
The service features a comprehensive dashboard that displays the overall status of your protected resources as well as detailed protection reports.,0,1,0,0,0
"Users of this service must have a valid subscription and an account in HPE GreenLake Cloud Portal with the appropriate roles. For information on creating a new HPE GreenLake account and setting up and assigning roles, see the HPE GreenLake for Backup and Recovery Getting Started Guide.",0,1,0,0,0
"To get started using Backup and Recovery, complete the following steps:",0,1,0,0,0
"VMware protection initial setup. To protect your on-premises resources, you must first deploy the Data Orchestrator and Protection Store Gateway These two on-premises components run in virtual machines in a user-specified vCenter. The Data Orchestrator is used by the Data Services Cloud Console to provide local orchestration of backup and recovery operations. The Protection Store Gateway provides on-premises storage and access to cloud storage for the backups.",0,1,0,0,0
NOTE: StoreOnce users can elect to deploy a Protection Store Gateway or to register a StoreOnce appliance as a backup target.,0,1,0,0,0
"For information about the supported configurations for the VMware infrastructure, the Data Orchestrator, and the Protection Store Gateway, refer to Backup and Recovery QuickSpecs.",0,1,0,0,0
"To protect VMware resources, you must also register a vCenter Server. Registering a vCenter Server enables Backup and Recovery to identify the virtual machines and datastores on your vCenter Server and build an inventory of the assets that can be protected. Note that you must have the required vCenter privileges to register a vCenter server.",0,1,0,0,0
"To protect AWS resources, you must register an AWS account. Registering an AWS account enables Backup and Recovery to identify and build an inventory of all your AWS assets that can be protected.",0,1,0,0,0
"To protect Microsoft SQL Server resources that are hosted in VMware virtual machines, you must:",0,1,0,0,0
Register a vCenter Server,0,1,0,0,0
Register an application host,0,1,0,0,0
Registering an application host enables Backup and Recovery to identify the Microsoft SQL databases and instances in your Microsoft account and to build an inventory of the assets that can be protected.,0,1,0,0,0
Create a protection policy.,0,1,0,0,0
A protection policy is a collection of protection rules that defines the creation and life-cycle management of the protection copies (recovery points). You can protect any unprotected resources in the inventory by assigning a protection policy to a resource.,0,1,0,0,0
Create an application-specific protection group.,0,1,0,0,0
Protection groups are used to automate protection at scale. Resources that require the same level of protection can be allocated to application-specific protection groups. Associating a protection policy with a protection group rather than individual resources simplifies the process of protecting multiple resources.,0,1,0,0,0
Recover your backups.,0,1,0,0,0
"To recover a backed up resource from your recovery points, use the recover feature. This feature enables you to choose which recovery point to use and where to direct the recovered resource.",0,1,0,0,0
About this task,0,1,0,0,0
The following procedure outlines the steps to set up HPE GreenLake for Backup and Recovery for protection of on-premises and cloud assets. Other pages describe these steps in more detail.,0,1,0,0,0
Procedure,0,1,0,0,0
Log into an HPE account.,0,1,0,0,0
"If you do not have an account, you must create one.",0,1,0,0,0
Select a workspace.,0,1,0,0,0
"If there is no workspace or you want to run Backup and Recovery in a new workspace,you must create one.",0,1,0,0,0
Create or invite users.,0,1,0,0,0
Assign Backup and Recovery user roles.,0,1,0,0,0
Add the Backup and Recovery subscription key to your HPE GreenLake workspace by clicking the Manage Your Subscription link in your subscription contract receipt email.,0,1,0,0,0
For more detail see the Adding subscription to services from the subscription notification email message page in the HPE GreenLake Edge-to-Cloud Platform User Guide.,0,1,0,0,0
Click the Identity and Access tile to verify that the built-in roles are sufficient or create custom roles to enable access to HPE GreenLake for Backup and Recovery.,0,1,0,0,0
Launch the Data Services Cloud Console in the required region.,0,1,0,0,0
Select Launch from HPE GreenLake for Backup and Recovery tile.,0,1,0,0,0
Two options are available from the HPE GreenLake for Backup and Recovery dashboard.,0,1,0,0,0
Continue by selecting one of the following two procedures to complete the set-up process.,0,1,0,0,0
Completing the HPE GreenLake for Backup and Recovery set-up process to protect cloud data,0,1,0,0,0
Completing the HPE GreenLake for Backup and Recovery set-up process to protect on-premises data,0,1,0,0,0
Complete the steps in Preview of setting up HPE GreenLake for Backup and Recovery before starting this process.,0,1,0,0,0
Procedure,0,1,0,0,0
Complete the steps in the AWS setup wizard.,0,1,0,0,0
Download the CloudFormation Stack template.,0,1,0,0,0
Apply the template in your AWS account to create an AWS CloudFormation Stack with your credentials.,0,1,0,0,0
Validate the link between AWS and HPE Backup and Recovery service console.,0,1,0,0,0
"At this point all EC2 instances, EBS volumes, and RDS instances show up within the HPE Backup and Recovery inventory.",0,1,0,0,0
Results,0,1,0,0,0
You are now ready to backup your AWS cloud native assets.,0,1,0,0,0
Complete the steps in Preview of setting up HPE GreenLake for Backup and Recovery before starting this process.,0,1,0,0,0
About this task,0,1,0,0,0
"If you want to use an HPE StoreOnce system to store on-premises recovery points, you can skip the first step and refer to HPE StoreOnce appliances.",0,1,0,0,0
Procedure,0,1,0,0,0
Install and configure Data Orchestrator to provide a secure connection from the on-premises environment to the cloud hosted service.,0,1,0,0,0
Install and configure the Protection Store Gateway to manage the On-Premises Protection Store and Cloud Protection Store.,0,1,0,0,0
"The installation of the two virtual machines to your vCenter environment is a one-time operation. After the deployment, the Backup and Recovery Service manages and automatically updates the Data Orchestrator and Protection Store Gateway.",0,1,0,0,0
"HPE StoreOnce appliances can be connected to HPE GreenLake for Backup and Recovery to provide on-premises backup storage as an alternative to a Protection Store Gateway-hosted On-Premises Protection Store. When the On-Premises Protection Store is configured on a StoreOnce appliance and the backup location is physically separate from the protected environment, you need to install the Data Orchestrator. You must have compute resources, memory resources or both in order to run the Data Orchestrator VM.",0,1,0,0,0
"When using a StoreOnce appliance for the On-Premises Protection Store, note the following:",0,1,0,0,0
"Only physical StoreOnce appliances are supported, the StoreOnce VSA is not supported.",0,1,0,0,0
The StoreOnce appliance must be running Storeonce software 4.3.4 or later.,0,1,0,0,0
An encryption license must be installed on StoreOnce.,0,1,0,0,0
iSCSI and Fibre Channel is supported for the backup data path.,0,1,0,0,0
Network time protocol servers (NTP) must be configured and be allowed to sync with global time services.,0,1,0,0,0
"Locate the HPE Cloud invitation email you should have received from HPE. This email contains a link that will take you directly to the HPE Sign In page. If you have a current HPE user account (HPE Support or HPE InfoSight), use the same credentials to sign in, and then go to Creating an HPE GreenLake workspace. If you do not have a current user account, do the following to create one.",0,1,0,0,0
Procedure,0,1,0,0,0
"In the HPE Cloud invitation email, click HPE Set Up Account. Or, go to https://common.cloud.hpe.com and click Sign up at the bottom of the page.",0,1,0,0,0
"In the Create an HPE Account page, specify your account information, and then click Create Account.",0,1,0,0,0
Monitor your email account for a verification email. Click Verify Email to verify your identity.,0,1,0,0,0
"By creating the HPE GreenLake workspace, you are by default the super admin for the account.",0,1,0,0,0
Prerequisites,0,1,0,0,0
"To complete this procedure, you must have an existing HPE user account.",0,1,0,0,0
Procedure,0,1,0,0,0
"If you are not already, log in to your HPE GreenLake user account.",0,1,0,0,0
Click Create Workspace.,0,1,0,0,0
Provide the following information:,0,1,0,0,0
Workspace Name,0,1,0,0,0
Workspace Country,0,1,0,0,0
Street Address,0,1,0,0,0
"City, State",0,1,0,0,0
ZIP/Postal Code,0,1,0,0,0
Phone Number,0,1,0,0,0
Email,0,1,0,0,0
Accept the legal terms.,0,1,0,0,0
Click Create Workspace.,0,1,0,0,0
Your workspace dashboard opens.,0,1,0,0,0
"For a zero-cost evaluation of the service, you can get a 90-day evaluation subscription.",0,1,0,0,0
"You have access to the same features and experience with an evaluation subscription as with a purchased subscription, with the following caveats:",0,1,0,0,0
The subscription runs for 90 days. A one-time 90-day extension is available at the discretion of HPE.,0,1,0,0,0
The Cloud Protection Store consumption is limited to 5TB.,0,1,0,0,0
There is no billing for usage.,0,1,0,0,0
"You can request the subscription using a webform on the HPE GreenLake for Backup and Recovery page. Complete the webform using an organizational email address, not a web email (e.g., Gmail) address.",0,1,0,0,0
"After HPE receives the evaluation request for the HPE GreenLake for Backup and Recovery evaluation subscription, you will receive an acknowledgment email.",0,1,0,0,0
"If the request is approved, you will receive another email that contains details on how to acquire the subscription key and start the evaluation.",0,1,0,0,0
"In most cases, if the request is accepted, you will receive the second email a few minutes after the request is submitted. If it is not received in 24 hours, contact HPE Support.",0,1,0,0,0
"At any time during the evaluation, you can add a Pay As You Go (PAYG) subscription or for lower unit prices add a subscription with a defined duration and defined level of service consumption. This will enable your ongoing use of HPE GreenLake for Backup and Recovery with no interruption to operation.",0,1,0,0,0
"If you do not add a paid subscription to the HPE GreenLake Cloud Portal workspace, within 90-days of the start of the evaluation subscription, access to HPE GreenLake for Backup and Recovery will be blocked after 90-days.",0,1,0,0,0
You need to work with your HPE partner or HPE representative to get a quote for the subscription.,0,1,0,0,0
"After HPE receives a purchase order, the existing subscription is updated to the purchased subscription and access to the service continues uninterrupted.",0,1,0,0,0
"NOTE: If you do not upgrade before the end of the evaluation, you need to add a new key to the HPE GreenLake workspace.",0,1,0,0,0
"To manage the storage array, you need to add it to Data Services Cloud Console.",0,1,0,0,0
Prerequisites,0,1,0,0,0
"You should have received an email with the array serial number and subscription key. You will need both to add the array to Data Services Cloud Console. If you do not have this information, skip this procedure until you obtain it. Consider the following resources:",0,1,0,0,0
"The array serial number is also located on the rear of the array, on either a pull-out tab, or a label.",0,1,0,0,0
"Later in the setup process, when you are connecting the array to HPE GreenLake (Software Configuration > Connect Array), the Cloud Connectivity Wizard will display the subscription key.",0,1,0,0,0
Procedure,0,1,0,0,0
"On your workspace Home page, click Devices.",0,1,0,0,0
"On the Devices Inventory page, click Add Devices.",0,1,0,0,0
"On the Select Device Type page, select Storage Devices as the Device Type, and then click Next.",0,1,0,0,0
On the Enter Serial Number & Subscription Key page:,0,1,0,0,0
Select Purchase or Lease as the Ownership Type.,0,1,0,0,0
Type the device Serial Number and Subscription Key.,0,1,0,0,0
Click Enter.,0,1,0,0,0
Repeat these steps for each additional device.,0,1,0,0,0
"When done, click Next.",0,1,0,0,0
"On the Assign Tags page, optionally assign tags to the device. Tags are used to organize/label inventory resources. Click Next.",0,1,0,0,0
"On the Location and Service Delivery Contact page, optionally assign a Location and Service Delivery Contact and Location, and then click Next.",0,1,0,0,0
"On the Review Add Devices page, verify your information, and then click Finish.",0,1,0,0,0
"Back on the Device Inventory page, if the device is not already assigned to a Data Services Cloud Console instance, select the device, and then select Assign to Service Manager from the Actions menu.",0,1,0,0,0
"On the Assign Devices to Service Manager Instance page, select Data Services Cloud Console for the Service Manager, and then select the Region closest to where you are installing the the device. Click Finish, and then Close.",0,1,0,0,0
"Back on the Devices Inventory page, verify that the array is listed and that it is assigned to the correct Data Services Cloud Console instance.",0,1,0,0,0
This procedure describes how to validate your device's connection to the Data Services Cloud Console.,0,1,0,0,0
Prerequisites,0,1,0,0,0
Ensure you have:,0,1,0,0,0
Received access to the activation portal and instructions to add your storage system.,0,1,0,0,0
Received instructions on cloud connectivity requirements for the new storage system including endpoints that must be reached through the internet (might require proxy configuration).,0,1,0,0,0
Racked and cabled your system.,0,1,0,0,0
Use one of the following tools to validate the device's connection to the Data Services Cloud Console:,0,1,0,0,0
CURL,0,1,0,0,0
Netcat,0,1,0,0,0
PowerShell,0,1,0,0,0
Procedure,0,1,0,0,0
Identify the gateway required to reach the internet from your storage system.,0,1,0,0,0
Identify the proxy server (if any) required to reach the internet from your storage system.,0,1,0,0,0
Establish a connection to https://common.cloud.hpe.com.,0,1,0,0,0
Ensure the device (arrays) can connect to device.cloud.hpe.com and*.data.cloud.hpe.com (if your organization allows wildcards).,0,1,0,0,0
Confirm the proxy server will not change or interfere with certificates between your storage system and servers of common.cloud.hpe.com.,0,1,0,0,0
Ensure the DNS servers are configured correctly and will resolve servers on cloud.hpe.com and subdomains.,0,1,0,0,0
Sync your NTP server's time with time.google.com or one of the nist.gov time servers.,0,1,0,0,0
The storage system connects to TCP port 443 using HTTPS on servers on subdomains of common.cloud.hpe.com.,0,1,0,0,0
Add the Allow Connection Policy to TCP port 443 for *.data.cloud.hpe.com in the firewall.,0,1,0,0,0
NOTE: These URLs are dynamically provided based on the region. They are not reachable until the devices are activated and onboarded.,0,1,0,0,0
"If device.cloud.hpe.com and *.data.cloud.hpe.com can be reached and the subscription is validated, the Customer Self Install (CSI) process continues.",0,1,0,0,0
"If device.cloud.hpe.com and *.data.cloud.hpe.com cannot be reached, or the subscription is not valid, the CSI process stops. A message displays providing guidance for why the validation was unsuccessful. You will have the option to return to the network settings page (to fix networking issues) or retry the subscription validation check. Once the issue is resolved, you will be allowed to continue through the CSI process.",0,1,0,0,0
"To use the Data Services Cloud Console, you must add it to your HPE GreenLake workspace.",0,1,0,0,0
Procedure,0,1,0,0,0
"On your workspace Home page, click Find Services in the Getting Started section.",0,1,0,0,0
"On the Services page, scroll to the Storage section, and then click Data Services.",0,1,0,0,0
"On the Data Services page, click Provision.",0,1,0,0,0
"In the Provision Service Manager dialog box, select the Deployment Region physically closest to the array, accept the Terms of Service, and then click Deploy.",0,1,0,0,0
"Optional:If you are deploying multiple arrays in different regions, click Add Region, and then deploy the additional regions.",0,1,0,0,0
"At the top of the page, click Launch to open Data Services Cloud Console.",0,1,0,0,0
You must be an account administrator or a user with edit permissions through the Authorization service to assign roles to users.,0,1,0,0,0
About this task,0,1,0,0,0
Keep the following notes in mind:,0,1,0,0,0
Users cannot update or add role assignments for federated users within HPE GreenLake workspaces.,0,1,0,0,0
This procedure applies to users in a standalone tenant workspace. All tenant user role assignments take place and are managed within the tenant workspace.,0,1,0,0,0
Procedure,0,1,0,0,0
"From the HPE GreenLake top menu bar, go to Manage > Identity & Access .",0,1,0,0,0
"On the Identity & Access page, click Assign a Role on the Assign Roles card.",0,1,0,0,0
"In the Assign Role dialog box, select a user from the User drop-down list.",0,1,0,0,0
"From the Application drop-down list, select the application for which you need to grant permissions.",0,1,0,0,0
"In the Role field, select a role for the user. You can enter text to search for a role or pick one from the list.",0,1,0,0,0
The options vary depending on the application that you select.,0,1,0,0,0
Click Assign Role to add the assignment.,0,1,0,0,0
"In the Change Role Assignment? confirmation box, review the requested role assignment details and click Change Role Assignment.",0,1,0,0,0
The updated role assignment is saved. Role assignment changes can take up to 15 minutes to take effect.,0,1,0,0,0
"To verify the update, perform the following steps:",0,1,0,0,0
Select Users on the Identity & Access Management page.,0,1,0,0,0
Click the user's name to view their newly added role in the Details screen.,0,1,0,0,0
"The Aruba SD-Branch solution offers the best-in-class wireless and wired infrastructure, as well as management orchestration features with the SD-WAN capabilities. The SD-Branch solution extends the SD-WAN concept to all elements in the branch to deliver a full-stack solution that addresses wired and wireless Local Area Network (LAN), security and policy enforcement, and WAN connectivity. When combined with Aruba Central, the solution provides a cloud-hosted environment for simplified operations and improved agility.",0,0,1,0,0
"Organizations frequently deploy and manage distributed, diverse networks through small, centralized teams. Apart from WAN connection, these distributed networks provide a variety of other services. Branch networks require wired and wireless LAN, security and policy enforcement, and WAN interconnection.",0,0,1,0,0
The SD-Branch solution addresses the following issues:,0,0,1,0,0
WAN Connectivity—WAN connectivity allows SD-WAN technology to support the usage of the Internet to replace or augment MPLS services. The SD-WAN solution includes the following elements:,0,0,1,0,0
Path Quality Monitoring (PQM) to track the quality of the available paths.,0,0,1,0,0
Stateful firewall with application fingerprinting to identify traffic flow.,0,0,1,0,0
Dynamic path selection (DPS) to always select the optimal path.,0,0,1,0,0
Centralized routing to offload the branch gateways from participating in routing.,0,0,1,0,0
User identity information to select from the available paths.,0,0,1,0,0
"Branch Onboarding and Lifecycle Management—Centralized teams use third-party companies for installations. To bring remote sites online, the corporate team may need to collaborate with these third-party installers from different organizations depending on the geographic locations. This model presents significant logistical and technical challenges. SD-Branch architecture is developed to enable Zero-Touch Provisioning (ZTP) for all branch devices. This feature allows hundreds of locations to be brought up each week. ZTP, when combined with a scalable cloud-based management platform, enables organizations to set up, modify, and maintain networks in an agile manner.",0,0,1,0,0
"LAN Security and Automation—Modern branch deployments can be excessively complex due to the growth of Virtual Local Area Networks (VLANs), complex Internet Protocol (IP) addressing schemes, and access control lists (ACLs) distributed across multiple devices in the branch. Architectures are customized to the needs of automation software rather than the automation software adapting to the architecture. The SD-Branch architecture flattens the branch into fewer subnets by consolidating all policy enforcement into a single device. This eliminates the need for static IP addressing schemes and hardwired ACLs across multiple devices.",0,0,1,0,0
"An access point (AP) is a wireless network device that acts as a portal for devices to connect to a local area network. The built-in network intelligence in access points supports advanced capabilities like AI-powered RF optimization, dynamic segmentation, service assurance, and smart management options for improved IT and user experiences. APs are used to extend an existing network's wireless coverage and increase the number of users that can connect to it.",0,0,1,0,0
Aruba Central supports the following types of access points based on the operating system:,0,0,1,0,0
IAP—Instant Access Points (IAPs) run on ArubaInstant operating system that virtualizes Aruba Mobility Controller capabilities on 802.11 APs and offers a feature-rich enterprise-grade Wi-Fi solution.,0,0,1,0,0
"ArubaOS 10 AP—ArubaOS 10 APs run on ArubaOS 10 operating system that requires no manual CLI configuration or maintenance windows. Once the ArubaOS 10 AP is plugged in, the device connects and receives its running configuration from the cloud using zero-touch provisioning, allowing remote workers and sites to onboard and configure wireless connectivity without on-site IT support.",0,0,1,0,0
Instant APs,0,0,1,0,0
"Instant Access Points (IAPs) offer an enterprise-grade networking solution with a simple setup. The WLAN solution with IAPs supports simplified deployment, configuration, and management of Wi-Fi networks.",0,0,1,0,0
Access Points run the ArubaInstant software that virtualizes ArubaMobility Controller capabilities on 802.11 APs and offers a feature-rich enterprise-grade Wi-Fi solution. IAPs are often deployed as a cluster. An IAP cluster includes a conductor AP and set of other APs that act as member APs.,0,0,1,0,0
"In an IAP deployment scenario, only the first AP or the conductor AP that is connected to a provisioning network is configured. All other IAPs in the same VLAN join the conductor AP inherit the configuration changes. The IAP clusters are configured through a common interface called Virtual Controller. A Virtual Controller represents the combined intelligence of the IAPs in a cluster.",0,0,1,0,0
IAPs establish WebSocket connections with Aruba Central by exchanging TPM certificates.,0,0,1,0,0
Supported Deployment Modes,0,0,1,0,0
Aruba IAPs can be deployed in the following modes in Aruba Central:,0,0,1,0,0
"Cluster mode—In this mode, several IAPs form a cluster when connected to a provisioning network and a conductor Instant AP is elected. In the cluster mode, new IAP onboarded to Aruba Central can join an existing Instant AP cluster.",0,0,1,0,0
"Standalone mode—In this mode, individual IAPs are provisioned in groups and managed from Aruba Central.",0,0,1,0,0
Configuration and Management,0,0,1,0,0
"Network administrators can manage IAPs through the Aruba Instant UI, Aruba Central, or AirWave management system.",0,0,1,0,0
"For information on how to configure IAPs using the Aruba Instant UI, see the Aruba Instant User Guide.",0,0,1,0,0
"For more information on how to provision, configure, and monitor IAPs in Aruba Central, see the following topics:",0,0,1,0,0
Configuring Instant APs in Aruba Central,0,0,1,0,0
Monitoring Access Points in Aruba Central,0,0,1,0,0
ArubaOS 10 APs,0,0,1,0,0
"ArubaOS 10 access points run on a cloud-managed operating system that requires no manual CLI configuration or maintenance windows. This makes them easy to deploy and manage, even for large networks. Once the ArubaOS 10 AP is plugged in, the device connects to the cloud and receives its running configuration automatically using zero-touch provisioning. This allows remote workers and sites to onboard and configure wireless connectivity without on-site IT support.",0,0,1,0,0
"The ArubaOS 10 APs support a number of new features and capabilities, including cloud-based AI, 802.11k/v/r Wi-Fi security standards, WPA3 encryption method, and Dynamic Authorization. These APs also offer advanced scalability to meet the needs of any network size.",0,0,1,0,0
Supported Deployment Modes,0,0,1,0,0
ArubaOS 10 APs can be deployed in the following modes in Aruba Central:,0,0,1,0,0
"Bridge mode—In this mode, the ArubaOS 10 APs act as simple wireless bridges between the wireless interface and the wired network deployed at a site. This mode is typically used for small networks or for connecting remote APs to a wired network. For information on configuring ArubaOS 10 APs in a LAN setup in bridge mode, see Bridge Mode Deployment.",0,0,1,0,0
"Tunnel mode—In this mode, the ArubaOS 10 APs tunnel all traffic to a central controller. The ArubaOS 10 APs set up a secure mobility tunnel for clients that roam between the VLANs, and the client traffic is encapsulated and routed to a tunnel endpoint. This mode is typically used for larger networks or for networks that require centralized management. For information on configuring ArubaOS 10 APs in a LAN setup in tunnel mode, see Tunnel and Mixed Mode Deployment.",0,0,1,0,0
"Mixed mode—In this mode, the ArubaOS 10 APs are configured in bridge mode and tunnel mode. In mixed mode, the ArubaOS 10 APs can intelligently determine if client traffic must be bridged or tunneled based on the client VLAN. This mode is typically used for networks that have a mix of small and large deployments. For information on configuring ArubaOS 10 APs in a LAN setup in mixed mode, see Tunnel and Mixed Mode Deployment.",0,0,1,0,0
"Aruba switches enable secure, role-based network access for wired users and devices, independent of their location or application. With Aruba switches, enterprises can deploy a consistent and secure access to network resources based on the type of users, client devices, and connection methods.",0,0,1,0,0
"Aruba offers a wide range of switches from edge access to data center, all managed by a modern operating system, which is cloud-native and fully programmable. It provides a simplified network design and unified management across the entire network.",0,0,1,0,0
Aruba Central offers the following switches:,0,0,1,0,0
"AOS-S - For detailed information, see AOS-S Switches Overview",0,0,1,0,0
"AOS-CX - For detailed information, see AOS-CX Overview",0,0,1,0,0
Refer to the following sections for more information:,0,0,1,0,0
Monitoring Switches in Summary View,0,0,1,0,0
Monitoring Switches in List View,0,0,1,0,0
Configuring or Viewing AOS-S Properties in UI Groups,0,0,1,0,0
Configuring AOS-CX Switches in UI Groups,0,0,1,0,0
Configuring and Viewing AOS-CX Switches in MultiEdit Mode,0,0,1,0,0
"AOS-CX is a modern and fully programmable operating system built using a database-centric design, which ensures higher availability and dynamic software process changes for reduced downtime. In addition to robust hardware reliability, the AOS-CX operating system includes additional software elements not available with traditional systems, including:",0,0,1,0,0
Automated visibility to help IT organizations scale,0,0,1,0,0
Simplified programmability,0,0,1,0,0
Faster resolution with network insights,0,0,1,0,0
High availability,0,0,1,0,0
Ease of roll-back to previous configurations,0,0,1,0,0
"The AOS-CX operating system is a modular, database-centric operating system. Every aspect of the switch configuration and state information is modeled in the AOS-CX switch configuration and state database, including configuration information, status of all features, and network analytics. The AOS-CX operating system also includes a time series database, which acts as a built-in network record. The time series database makes the data seamlessly available to Aruba Network Analytics Engine agents that use rules that evaluate network conditions over time.",0,0,1,0,0
"Aruba Central offers a cloud-based management platform for managing AOS-CX infrastructure. It simplifies switch management with flexible configuration options, monitoring dashboards, and troubleshooting tools.",0,0,1,0,0
"Starting from Aruba Central 2.5.8, users can onboard, monitor their devices, and upgrade the AOS-CX firmware over IPv6 or dual stack networks. It is recommended for the switches to run AOS-CX 10.13.1000 or later versions to onboard their devices over IPv6 networks. Before you onboard devices over IPv6 or dual stack networks, ensure that the following prerequisites are met.",0,0,1,0,0
IPv6 address must be configured for one touch provisioning. Aruba Central does not support IPv6 ZTP support.,0,0,1,0,0
Device location override should be enabled.,0,0,1,0,0
"Aruba switches enable secure, role-based network access for wired users and devices, independent of their location or application. With Aruba switches, enterprises can deploy a consistent and secure access to network resources based on the type of users, client devices, and connection methods.",0,0,1,0,0
"Aruba Central offers a cloud-based management platform for managing Aruba switch infrastructure. It simplifies switch management with flexible configuration options, monitoring dashboards, and troubleshooting tools.",0,0,1,0,0
"The switch dashboard enables you to manage, configure, monitor and troubleshoot AOS-S, AOS-CX switches, and switch stacks provisioned and managed through Aruba Central.",0,0,1,0,0
"Gateways in Aruba Central provide high-performance networking, SD-WAN, and security functionality. You can monitor gateways using all available filters, including Global, Groups, and Sites. Multiple gateways can be combined into groups and multiple groups can be combined into clusters. You can designate the role of Preferred Leader to individual gateways in each group.",0,0,1,0,0
The Aruba SD-Branch solution deploys a hardware VPNC as the headend gateway in the customer's data center or a virtual gateway in your public cloud infrastructure. The virtualized instance of Aruba Gateway is referred to as Virtual Gateway.,0,0,1,0,0
Virtual Gateways bring your public cloud infrastructure on the SD-WAN fabric to facilitate the connectivity between the branches and the public cloud.,0,0,1,0,0
Virtual Gateways in the Aruba SD-WAN architecture offer the following benefits:,0,0,1,0,0
Direct connection from branch to cloud instances which improves the access to the instances hosted on a public cloud infrastructure.,0,0,1,0,0
"Resilient connectivity from the cloud using multiple transport links; for example, the link between an Internet Gateway and Virtual Gateway.",0,0,1,0,0
"Centralized control and policy management across branch, data center, and cloud end-points.",0,0,1,0,0
"With Virtual Gateways, you can extend your SD-WAN overlay services to the public cloud infrastructure. Virtual Gateways function as VPNCs in the SD-WAN architecture. Virtual Gateways can terminate tunnels from Branch Gateways, Instant APs (micro SD-Branches with Instant APs) and VIA clients. Like the on-premises VPNCs, Virtual Gateways support routing, security, and tunneling features.",0,0,1,0,0
Virtual Gateway Redundancy,0,0,1,0,0
Aruba supports deploying Virtual Gateways for high availability (HA). The Virtual Gateways can be deployed in the HA mode and also can be deployed in multiple availability zones.,0,0,1,0,0
Software Image for Virtual Gateways,0,0,1,0,0
"The software images required for creating Virtual Gateway instances are available as an AMI. To obtain the AMI for a Virtual Gateway, contact your Aruba Sales Specialist.",0,0,1,0,0
Aruba Central offers the following options to configure gateways in Aruba Central:,0,0,1,0,0
"Groups—You can create a logical subset of devices as groups. If you have devices that must share common configuration settings, ensure that you assign these devices to the same group. Any new device joining a group inherits the configuration that is already applied to the devices in a group. Similarly, you can also maintain separate groups for Branch Gateways and VPNCs by assigning a group role for the devices. For more information, see Assign Gateways to a Group.",0,0,1,0,0
"Device-specific configuration—If you have a considerably lesser number of devices that do not have the same configuration requirements, you can apply configuration changes at the device level. In some cases, although the devices are assigned to a group, you may want to have a slightly different configuration to one specific device in a group. In such cases, you can modify the device configuration and apply changes at the device level. Aruba Central marks the discrepancies in the group and device configuration as overrides on the Configuring Configuration Audit Properties page.",0,0,1,0,0
Bulk configuration—Aruba Central supports several bulk configuration options for Aruba Gateways:,0,0,1,0,0
"Bulk Configuration Upload—Allows you to download a list of Aruba Gateways from Aruba Central in the CSV file format. You can add the configuration parameters for hostname, system IP address, VLAN, and Ports, and then upload the CSV file to Aruba Central. For more information, see Uploading Bulk Configuration Template.",0,0,1,0,0
"Gateway Pools—Allows you to create a common pool of IP addresses and enables automatic assignment of IP addresses to Aruba Gateways. For more information, see Configuring Gateway Pools for Aruba Gateways.",0,0,1,0,0
"DHCP Pools—Allows you to configure a DHCP pool, using which Aruba Central automatically assigns a subnet to each Aruba Gateway for a given VLAN. For more information, see Configuring Gateway Pools for Aruba Gateways.",0,0,1,0,0
"APIs—Allows you to configure and monitor devices using NB APIs. For more information, see API Gateway.",0,0,1,0,0
Aruba Central supports the following methods to configure ArubaOS 10 Gateway groups and Gateways.,0,0,1,0,0
"Guided Setup—You can use the Guided Setup to quickly configure basic and essential parameters on ArubaOS 10 Gateways for deploying the SD-WAN solution. The Guided Setup provides a wizard-based workflow for provisioning ArubaOS 10 Gateways. The wizard allows you to configure ArubaOS 10 Gateways at your own pace, pause, and resume when required. However, the Guided Setup will not be available after you complete the provisioning workflow for an ArubaOS 10 Gateway group or an ArubaOS 10 Gateway.",0,0,1,0,0
"For more information on configuring ArubaOS 10 Gateways using the Guided Setup, see the following topics:",0,0,1,0,0
Guided Setup for ArubaOS 10 Branch Gateways,0,0,1,0,0
Guided Setup for ArubaOS 10 VPNCs,0,0,1,0,0
Guided Setup for ArubaOS 10 VPNC Groups,0,0,1,0,0
Guided Setup for ArubaOS 10 Mobility Gateways,0,0,1,0,0
Configuring ArubaOS 10 Mobility Gateway Groups Using the Guided Setup,0,0,1,0,0
"Basic Mode—Allows you to configure your ArubaOS 10 Gateways in a non-linear fashion. This mode allows you to make configuration changes after you provision your ArubaOS 10 gateways for the first time using a Guided setup. For more information, see Configuring an SD-Branch Network Using the Basic Setup for ArubaOS 10 Personas.",0,0,1,0,0
"Advanced Mode—Allows you to configure advanced features for SD-WAN deployments. For more information, see Configuring an SD-Branch Network Using the Advanced Setup for ArubaOS 10 Personas.",0,0,1,0,0
"Cloud Authentication and Policy allows you to configure user and client access policies that provide a secured, cloud-based network access control (NAC). In Aruba Central, you can configure these policies and provide an on-boarding URL for the network users to connect to the network. As the users attempt to connect to the network, you can monitor the authentication access requests and sessions on the monitoring dashboards. You can view more details of each access request and session to analyze them or identify any issues.",0,0,1,0,0
Ensure that you have completed the following procedures:,0,0,1,0,0
Gateways are onboarded to Aruba Central.,0,0,1,0,0
Gateways are assigned valid subscriptions in Aruba Central.,0,0,1,0,0
Gateways are assigned to groups.,0,0,1,0,0
Gateways are assigned the Branch Gateway group role.,0,0,1,0,0
HPE PROLIANT DL360 GEN10 PLUS SERVER,0,0,0,1,0
P55239-B21,0,0,0,1,0
MXQ3100CTX,0,0,0,1,0
HPE PROLIANT DL325 GEN11,0,0,0,1,0
P58690-B21,0,0,0,1,0
MXQ3020C6G,0,0,0,1,0
ProLiant DL385 Gen10 Plus,0,0,0,1,0
SGH934WDY3,0,0,0,1,0
54:F0:B1:CB:2F:4A,0,0,0,1,0
PHS8KPP5TT,0,0,0,1,0
AP-505-US,0,0,0,1,0
54:F0:B1:CB:27:B6,0,0,0,1,0
PHS8KPP5X8,0,0,0,1,0
Aruba NetInsight 90 Day Eval Subscription per 1 Network Device,0,0,0,1,0
Aruba Central WLAN GW Sub 90D Eval Lic,0,0,0,1,0
E4162408212A94E53A,0,0,0,1,0
Aruba Central 25xx or 8-16p F 90D Eval,0,0,0,1,0
EF032D174776A4E7CA,0,0,0,1,0
Aruba Optik NL 5000 DE 1-year 90-D Eval,0,0,0,1,0
EF2539DE59EF447A6B,0,0,0,1,0
ADVANCE_72XX,0,0,0,1,0
Advanced AP,0,0,0,1,0
Foundation-WLAN-Gateway,0,0,0,1,0
CENTRAL_GW,0,0,0,1,0
HPE GreenLake for Backup and Recovery 90 Day(s) Evaluation SaaS,0,0,0,1,0
Device-Insight,0,0,0,1,0
Foundation Back-Up & Recovery Service,0,0,0,1,0
OpsRampSaaS90Day(s)EvaluationSaaS,0,0,0,1,0
Foundation-Switch-8xxx/9xxx/10xxx,0,0,0,1,0
54:F0:B1:CB:29:B8,0,0,0,1,0
PHS8KPP5W7,0,0,0,1,0
"To deliver the value of ML and data science to your enterprise, the HPE GreenLake platform delivers an enterprise-grade ML cloud service that enables developers and data scientists to rapidly build, train, and deploy ML models—from pilot to production, at any scale. This preconfigured solution comprises an optimized hardware stack and is powered by HPE Ezmeral ML Ops. It provides data scientists with self-service access to a sandbox environment for prototyping and testing, to eliminate IT provisioning delays, ensure repeatability, and accelerate time-to-value. And as a fully managed solution, the HPE GreenLake offering frees IT from routine infrastructure management tasks.",0,0,0,0,1
"You must launch HPE GreenLake Flex Solutions to access ML Ops. If you do not have access to ML Ops, it will not be visible in HPE GreenLake Flex Solutions.",0,0,0,0,1
"Accelerate development with the agility of a cloud-like experience to standardize and operationalize the machine learning lifecycle from planning to model development, training, deployment, and monitoring.",0,0,0,0,1
Unlock the value of your data where it lives.,0,0,0,0,1
Accelerate time-to-value for data science teams,0,0,0,0,1
Meet the demands of inherently spiky data sets and model testing while paying only for what you use and with a buffer of extra capacity in place ahead of demand.,0,0,0,0,1
"Self-managed private cloud with simplified VM and infrastructure management that allows you to build your self-service cloud on demand where you need it, with predictable monthly costs.",0,0,0,0,1
"You must first provision and launch Data Services to access Private Cloud Business Edition. If you do not have access to Private Cloud Business Edition, it will not be visible in Data Services.",0,0,0,0,1
Manage VMs and infrastructure across your fleet and public cloud through a single console,0,0,0,0,1
SLA-based hybrid cloud data protection and mobility,0,0,0,0,1
"AI-managed automation – deploy in a few clicks, with one-click updates",0,0,0,0,1
"Highly resilient with 99.9999% data availability guaranteed, and leading performance",0,0,0,0,1
"Formerly known as HPE GreenLake Central, view usage and cost of HPE GreenLake Flex Solutions and manage the Private Cloud Enterprise and High Performance Computing cloud services. For all HPE GreenLake Flex Solutions, this service provides reporting on billing, active capacity planning, and powerful consumption analytics that enable transparency to see costs by service type, department, or other parameters, including public cloud costs. Customers of Private Cloud Enterprise use it to provision and manage virtual, containerized, and bare metal resources, and customers of High Performance Computing use it to operate HPC workloads.",0,0,0,0,1
"Manage and operate Private Cloud Enterprise, including VMs, containers, and bare metal at your locations and also public cloud resources",0,0,0,0,1
Operate High Performance Computing jobs running both at your locations and in public clouds,0,0,0,0,1
See in-progress billing for HPE GreenLake Flex Solutions,0,0,0,0,1
See capacity planning for HPE GreenLake Flex Solutions with trends and forecasts to help you optimize your environment,0,0,0,0,1
"Analyze hybrid cloud costs with powerful showback reporting, budgeting, and more including costs from AWS, Microsoft Azure, and Google Cloud",0,0,0,0,1
"Built for our hybrid cloud world to help you unlock the full potential of your data. Data Services brings the cloud experience wherever data lives and streamlines data management for your hybrid cloud. It provides a suite of cloud data and infrastructure services across edge, core, and cloud that accelerates data, agility, and innovation for everyone, from data managers to data innovators.",0,0,0,0,1
Automate infrastructure management at scale with cloud agility.,0,0,0,0,1
"Architected as a single destination to streamline data access, protection, and mobility across edge to cloud",0,0,0,0,1
"Speed app development and time to market by providing line of business, app owners, and developers with streamlined, self-service access to data infrastructure",0,0,0,0,1
"Slash risk of data loss with simple, self-service disaster recovery that deploys in minutes and delivers industry-leading RPOs and RTOs.",0,0,0,0,1
"You must first provision and launch Data Services to access Disaster Recovery. If you do not have access to Disaster Recovery, it will not be visible in Data Services.",0,0,0,0,1
"Leverage always-on, near-synchronous replication that's platform agnostic and doesn't impact your production environment",0,0,0,0,1
"Modernize your infrastructure without scheduling, snapshots, or agents.",0,0,0,0,1
"Virtually eliminate lost data from unplanned -events including ransomware attacks, natural disasters, and outages.",0,0,0,0,1
"In just a few minutes, you can roll back to a state seconds prior to disruption",0,0,0,0,1
Enjoy app-centric recovery via write-order fidelity across entire multi-VM application stacks.,0,0,0,0,1
"Harness unified management, unprecedented flexibility, and predictable consumption-based billing that aligns costs to business value. Enjoy elastic scale and robust protection in minutes - without the hassle of managing and operating backup hardware, software, and cloud infrastructure.",0,0,0,0,1
"You must first provision and launch Data Services to access Backup and Recovery. If you do not have access to Backup and Recovery, it will not be visible in Data Services.",0,0,0,0,1
Consumption based pricing,0,0,0,0,1
Scale up in minutes,0,0,0,0,1
"Easily protect your on-premises and cloud native workloads. Secure all your VMware VMs, Amazon EBS Volumes, and Amazon EC2 Instances with the flexibility to deliver instant restores via snapshots and rapid recovery",0,0,0,0,1
Protect against ransomware threats with inaccessible encrypted backups,0,0,0,0,1
"Configurable backup data immutability with dual authorization prevents any malware encryption, modification, or deletion of backup data.",0,0,0,0,1